{
  "timestamp": "2026-01-24T10:38:55.652834",
  "scenarios": {
    "Baseline": {
      "kpi_values": {
        "SHORT_TERM_MARGIN": 0.1304347826086956,
        "LONG_TERM_BRAND_VALUE": 36.704369047769546
      },
      "final_states": {
        "COGS": 100.0,
        "PRICE": 114.99999999999999,
        "PRICE_VOLATILITY": 0.0,
        "DEMAND": 79.20436904776955,
        "SALES": 9108.502440493497,
        "PROFIT": 1188.0655357165433,
        "MARGIN": 0.13043478260869568,
        "REFUND_RATE": 0.06,
        "DELIVERY_TIME": 3.0,
        "CSAT": 0.6599999999999999,
        "BRAND_EQUITY": 32.94956451979612,
        "LOYALTY": 42.33657583972968,
        "FX_RATE": 1200.0,
        "PASS_THROUGH": 0.5,
        "MKT_SPEND": 100.0,
        "SERVICE_LEVEL": 0.8
      },
      "state_history": {
        "COGS": [
          100.0,
          100.0,
          100.0,
          100.0,
          100.0,
          100.0,
          100.0,
          100.0,
          100.0,
          100.0,
          100.0,
          100.0
        ],
        "PRICE": [
          115.0,
          115.0,
          115.0,
          115.0,
          115.0,
          115.0,
          115.0,
          115.0,
          115.0,
          115.0,
          115.0,
          115.0
        ],
        "PRICE_VOLATILITY": [
          0,
          0,
          0.0,
          0.0,
          0.0,
          0.0,
          0.0,
          0.0,
          0.0,
          0.0,
          0.0,
          0.0
        ],
        "DEMAND": [
          94.9579,
          93.4334,
          91.9267,
          90.4382,
          88.968,
          87.5164,
          86.0836,
          84.6696,
          83.2746,
          81.8987,
          80.542,
          79.2044
        ],
        "SALES": [
          10920.1608,
          10744.8393,
          10571.5717,
          10400.3895,
          10231.32,
          10064.3864,
          9899.6084,
          9737.0019,
          9576.5798,
          9418.3518,
          9262.3246,
          9108.5024
        ],
        "PROFIT": [
          1424.3688,
          1401.5008,
          1378.9007,
          1356.5725,
          1334.52,
          1312.7461,
          1291.2533,
          1270.0437,
          1249.1191,
          1228.4807,
          1208.1293,
          1188.0655
        ],
        "MARGIN": [
          0.1304,
          0.1304,
          0.1304,
          0.1304,
          0.1304,
          0.1304,
          0.1304,
          0.1304,
          0.1304,
          0.1304,
          0.1304,
          0.1304
        ],
        "REFUND_RATE": [
          0.06,
          0.06,
          0.06,
          0.06,
          0.06,
          0.06,
          0.06,
          0.06,
          0.06,
          0.06,
          0.06,
          0.06
        ],
        "DELIVERY_TIME": [
          3.0,
          3.0,
          3.0,
          3.0,
          3.0,
          3.0,
          3.0,
          3.0,
          3.0,
          3.0,
          3.0,
          3.0
        ],
        "CSAT": [
          0.66,
          0.66,
          0.66,
          0.66,
          0.66,
          0.66,
          0.66,
          0.66,
          0.66,
          0.66,
          0.66,
          0.66
        ],
        "BRAND_EQUITY": [
          48.416,
          46.8637,
          45.3424,
          43.8516,
          42.3905,
          40.9587,
          39.5555,
          38.1804,
          36.8328,
          35.5122,
          34.2179,
          32.9496
        ],
        "LOYALTY": [
          58.5208,
          57.0379,
          55.5532,
          54.0681,
          52.5842,
          51.1029,
          49.6256,
          48.1533,
          46.6873,
          45.2285,
          43.778,
          42.3366
        ],
        "FX_RATE": [
          1200.0,
          1200.0,
          1200.0,
          1200.0,
          1200.0,
          1200.0,
          1200.0,
          1200.0,
          1200.0,
          1200.0,
          1200.0,
          1200.0
        ],
        "PASS_THROUGH": [
          0.5,
          0.5,
          0.5,
          0.5,
          0.5,
          0.5,
          0.5,
          0.5,
          0.5,
          0.5,
          0.5,
          0.5
        ],
        "MKT_SPEND": [
          100.0,
          100.0,
          100.0,
          100.0,
          100.0,
          100.0,
          100.0,
          100.0,
          100.0,
          100.0,
          100.0,
          100.0
        ],
        "SERVICE_LEVEL": [
          0.8,
          0.8,
          0.8,
          0.8,
          0.8,
          0.8,
          0.8,
          0.8,
          0.8,
          0.8,
          0.8,
          0.8
        ]
      }
    },
    "FX_Shock": {
      "kpi_values": {
        "SHORT_TERM_MARGIN": 0.1304347826086956,
        "LONG_TERM_BRAND_VALUE": 36.281479584413475
      },
      "final_states": {
        "COGS": 107.5,
        "PRICE": 123.62499999999999,
        "PRICE_VOLATILITY": 0.0075000000000000015,
        "DEMAND": 74.46897958441349,
        "SALES": 9206.227601123117,
        "PROFIT": 1200.812295798667,
        "MARGIN": 0.13043478260869562,
        "REFUND_RATE": 0.06083333333333333,
        "DELIVERY_TIME": 3.0,
        "CSAT": 0.6595833333333333,
        "BRAND_EQUITY": 32.36581759249506,
        "LOYALTY": 42.1549725722911,
        "FX_RATE": 1350.0,
        "PASS_THROUGH": 0.5,
        "MKT_SPEND": 100.0,
        "SERVICE_LEVEL": 0.8
      },
      "state_history": {
        "COGS": [
          100.0,
          100.0,
          100.0,
          107.5,
          107.5,
          107.5,
          107.5,
          107.5,
          107.5,
          107.5,
          107.5,
          107.5
        ],
        "PRICE": [
          115.0,
          115.0,
          115.0,
          123.625,
          123.625,
          123.625,
          123.625,
          123.625,
          123.625,
          123.625,
          123.625,
          123.625
        ],
        "PRICE_VOLATILITY": [
          0,
          0,
          0.0,
          0.0,
          0.025,
          0.0188,
          0.015,
          0.0125,
          0.0107,
          0.0094,
          0.0083,
          0.0075
        ],
        "DEMAND": [
          94.9579,
          93.4334,
          91.9267,
          86.1257,
          84.578,
          83.0469,
          81.5509,
          80.0844,
          78.6445,
          77.2293,
          75.8377,
          74.469
        ],
        "SALES": [
          10920.1608,
          10744.8393,
          10571.5717,
          10647.2859,
          10455.9552,
          10266.6701,
          10081.7258,
          9900.4323,
          9722.4205,
          9547.47,
          9375.4385,
          9206.2276
        ],
        "PROFIT": [
          1424.3688,
          1401.5008,
          1378.9007,
          1388.7764,
          1363.8202,
          1339.1309,
          1315.0077,
          1291.3607,
          1268.1418,
          1245.3222,
          1222.8833,
          1200.8123
        ],
        "MARGIN": [
          0.1304,
          0.1304,
          0.1304,
          0.1304,
          0.1304,
          0.1304,
          0.1304,
          0.1304,
          0.1304,
          0.1304,
          0.1304,
          0.1304
        ],
        "REFUND_RATE": [
          0.06,
          0.06,
          0.06,
          0.06,
          0.06,
          0.0625,
          0.0619,
          0.0615,
          0.0612,
          0.0611,
          0.0609,
          0.0608
        ],
        "DELIVERY_TIME": [
          3.0,
          3.0,
          3.0,
          3.0,
          3.0,
          3.0,
          3.0,
          3.0,
          3.0,
          3.0,
          3.0,
          3.0
        ],
        "CSAT": [
          0.66,
          0.66,
          0.66,
          0.66,
          0.66,
          0.6587,
          0.6591,
          0.6592,
          0.6594,
          0.6595,
          0.6595,
          0.6596
        ],